id,url,img,info,condition,description,imgurl,postdate,time_since_posting,price
696627962,https://offerup.com/item/detail/696627962/,https://photos.offerup.com/WPjY4DXcmlxMDZgnpc3kWJ5GDdg=/300x432/5c8c/5c8cdd244a10403f8fb6e01679db89ea.jpg,"['recliner couch couches loveseat sof...', 'sold', 'santa fe springs, ca']",Used (normal wear),"FREEE You pick up everything works, they are semi beat up but they are free.

9700 Jersey Ave Santa Fe Springs Ca

If the ad is still up they are still outside waiting to be picked up. . Make an offer!",https://photos.offerup.com/OcBzRrvB5KO1ycx3owo8I384Ln0=/600x864/5c8c/5c8cdd244a10403f8fb6e01679db89ea.jpg,2019-06-16 16:41:45.007049,0.25,1.0
696601210,https://offerup.com/item/detail/696601210/,https://photos.offerup.com/k5vC8sR8H2XY0gxvrF9v2EsMZJM=/300x225/238f/238f345faddf4dc3bb45ad4d4df7aab8.jpg,"['outdoor patio set', 'sold', 'irwindale, ca']",Open box (never used),"7 - Piece Outdoor Patio Set 
• 6 modular couch pieces that can be arranged in several different designs
• 2 Red pillows
• 1 square table w/glass top

*Never Used. Make an offer!",https://photos.offerup.com/cdVY6fqfU9MJq76LBB1j39Fe4d0=/600x450/238f/238f345faddf4dc3bb45ad4d4df7aab8.jpg,2019-06-16 16:41:45.007049,0.25,500.0
696552471,https://offerup.com/item/detail/696552471/,https://photos.offerup.com/ulLIdg_vQToTTKJebxEKvNTDj8Q=/300x225/b899/b899c50fa6504517bbeded1b21de59f2.jpg,"['dark brown living room leather couc...', 'sold', 'fullerton, ca']",Used (normal wear),Reclining living room couch available for sale . Make an offer!,https://photos.offerup.com/P_YATyPzB-wLy8wFzQrEuZLXuRc=/600x450/b899/b899c50fa6504517bbeded1b21de59f2.jpg,2019-06-16 14:41:45.007049,0.3333333333333333,50.0
696524368,https://offerup.com/item/detail/696524368/,https://photos.offerup.com/iaDdaF5hhKWDHrlQ-f4l60jZgOo=/300x300/9292/9292a2c3da4242fd9c3dec25372f88f4.jpg,"['coffee end table', 'sold', 'pasadena, ca']",Used (normal wear),"Coffee end table that can be slid under couch to bring closer to you. Beautiful wood design and sleek legs make this perfect for any apartment that needs to save on space. 

Dimensions:
15in wide diameter x 24in height

Pick up only . Make an offer!",https://photos.offerup.com/ykMzNlC68ZvrblZutJdbMUC2fko=/600x600/9292/9292a2c3da4242fd9c3dec25372f88f4.jpg,2019-06-16 13:41:45.007049,0.375,15.0
696313849,https://offerup.com/item/detail/696313849/,https://photos.offerup.com/F8nvwIHnMZ0J4uAEEi9nX08rhM0=/300x426/1978/19780ff46ddd4f7bb6029cf9d62dbb18.jpg,"['chaise lounge', 'sold', 'costa mesa, ca']",Used (normal wear),"Mint condition. Never really used. It’s a chaise lounge that was part of a couch set. Works great against a wall. Pick up in Costa Mesa 

FREE pick up today! Need gone . Make an offer!",https://photos.offerup.com/cd0nByEx1t-UsVQCgGwQ_-81kkI=/600x852/1978/19780ff46ddd4f7bb6029cf9d62dbb18.jpg,2019-06-15 22:41:45.007049,1.0,0.0
696112061,https://offerup.com/item/detail/696112061/,https://photos.offerup.com/4obr0CoNVUMDbxgCW7wgw3gDgBI=/300x300/bbc8/bbc84f4076f44d75a69b40437fe18c03.jpg,"['red microfiber futon sofa bed couch...', 'sold', 'commerce, ca']",Open box (never used),"** PURCHASE OPTIONS ** 
Purchase on our Website 
(www. DealGiant .com) 
get 10% off code “offerup10”
OR
Purchase at our Warehouse
(We don’t hold items) 
PICK UPS ONLY - NO DELIVERY - NO SHOWROOM. WALK INS ARE WELCOME 
6172 S Eastern Ave commerce 90040 
(NEXT TO RED WING SHOES) 
12-6 EVERYDAY (closed Tuesdays) 
Cash/credit/debit accepted
. Make an offer!",https://photos.offerup.com/ew9GhOQGNkBLTanIKq_42nhtaOM=/450x450/bbc8/bbc84f4076f44d75a69b40437fe18c03.jpg,2019-06-15 22:41:45.007049,1.0,99.0
696096857,https://offerup.com/item/detail/696096857/,https://photos.offerup.com/YdZ3oGpYqAGU2nTnoX2b_gDs3k0=/300x225/7977/7977191b6c5f4e4382c630818d2832bf.jpg,"['sectional couch and ottoman', 'sold', 'west hollywood, ca']",Used (normal wear),"Moving on July 1 to the Bay Area. Paid $1,400 for it 3 years ago. . Make an offer!",https://photos.offerup.com/iA-2RjiVskC1ILkt_qUzqBICMxk=/600x450/7977/7977191b6c5f4e4382c630818d2832bf.jpg,2019-06-15 22:41:45.007049,1.0,175.0
695740474,https://offerup.com/item/detail/695740474/,https://photos.offerup.com/VXiP-wTp5LWdF06Xv4HzGgJxxmM=/300x225/eba1/eba1de3f69224e24bc98aa72b8a64700.jpg,"['living spaces couch, light grey 84 ...', 'sold', 'los angeles, ca']",Used (normal wear),"Living Spaces light grey couch, 84 inches long, 40  inches wide, 38 inches tall.  Had it for 1yr: no pets, no stains, etc.
Pick up only 90044 area check zip code before you message and I’m not taking offers.. message me if you are planning to come for sure don't waste your and mine time. Thank you.. Make an offer!",https://photos.offerup.com/y8ur07MyqUlpmGfaJb8WICDxjsE=/600x450/eba1/eba1de3f69224e24bc98aa72b8a64700.jpg,2019-06-15 22:41:45.007049,1.0,175.0
695683406,https://offerup.com/item/detail/695683406/,https://photos.offerup.com/pMIsAOkPvt09_UGy4v2ovHg6Hr0=/300x225/7902/7902dab0be834b1d958307e9b0047224.jpg,"['couch 7’', 'sold', 'burbank, ca']",Used (normal wear),"7’ Olive couch.  Sturdy, back pillows recently updated with new cushions. Purchased in 2010. Very comfortable to sleep on. $100 OBO. . Make an offer!",https://photos.offerup.com/DcVMHIPJsuTAuPUhH5KCYlIGxEQ=/600x450/7902/7902dab0be834b1d958307e9b0047224.jpg,2019-06-14 22:41:45.007049,2.0,100.0
695573534,https://offerup.com/item/detail/695573534/,https://photos.offerup.com/IxpIo-VEcBHxLWMgTdd3h2mDe4M=/300x225/0e88/0e886d7465004fdeb20157247a1b5aa7.jpg,"['ikea couch', 'sold', 'los angeles, ca']",Used (normal wear),"IKEA couch in great condition. The model is SANDBACKEN. The ottoman/footrest opens up for storage. One small stain, but otherwise very clean. Non-smoking household. PICK UP THIS WEEKEND ONLY. Make an offer!",https://photos.offerup.com/dJ5XXMXIQWBrOfyuVfmCpm8w0No=/600x450/0e88/0e886d7465004fdeb20157247a1b5aa7.jpg,2019-06-14 22:41:45.007049,2.0,40.0
695479791,https://offerup.com/item/detail/695479791/,https://photos.offerup.com/8liF0Dz7GT619EMhI1aV6JQV6Jg=/300x400/ef9d/ef9d89e7be3d47b0a827fbd6fd6785fa.jpg,"['brown plush couch', 'sold', 'los angeles, ca']",Used (normal wear),"In great condition,  the couch is darker in person as the sun is being evil and reflecting to much light. . Make an offer!",https://photos.offerup.com/m2tzXlMBUg9f-0_Pk8zdTDJl9AM=/600x800/ef9d/ef9d89e7be3d47b0a827fbd6fd6785fa.jpg,2019-06-14 22:41:45.007049,2.0,50.0
695134191,https://offerup.com/item/detail/695134191/,https://photos.offerup.com/a-bdvCFGSbF-J8enXckLtGM-EvA=/300x500/ce63/ce635d1259304c539e2c8ebde5322f84.jpg,"['couch set', 'sold', 'fullerton, ca']",Used (normal wear), Very Comfortable / Hardly Used. Make an offer!,https://photos.offerup.com/nXjf4AhSWuMV84Y8KQlXAupfWhA=/600x1001/ce63/ce635d1259304c539e2c8ebde5322f84.jpg,2019-06-13 22:41:45.007049,3.0,75.0
695021410,https://offerup.com/item/detail/695021410/,https://photos.offerup.com/2nhr6yxl9M_0OAAxpyB5hQIhUXo=/300x617/33b8/33b86fa20dcc42ddaab3496ca8559385.jpg,"['couch chair brown', 'sold', 'east los angeles, ca']",Used (normal wear),"Wide,bulky,heavy sturdy couch chair needs a little cleaning  . Make an offer!",https://photos.offerup.com/qraTHHLSw6Z3XicFCmT_GZK1Pgs=/583x1200/33b8/33b86fa20dcc42ddaab3496ca8559385.jpg,2019-06-13 22:41:45.007049,3.0,250.0
694260977,https://offerup.com/item/detail/694260977/,https://photos.offerup.com/RFqYeG3h5BccCX-kNW_aagqxZg8=/300x400/5881/588181b5716446aa95736e3be41f02f1.jpg,"['sectional sofa (couch)', 'sold', 'los angeles, ca']",Used (normal wear),Sectional Sofa (Couch). Make an offer!,https://photos.offerup.com/h9k0MpjgbfnEVVTDs7QitWlsFpY=/600x800/5881/588181b5716446aa95736e3be41f02f1.jpg,2019-06-12 22:41:45.007049,4.0,600.0
693487302,https://offerup.com/item/detail/693487302/,https://photos.offerup.com/uF9sIBv0hHrxfCeAXASVp2O_jJ8=/300x225/d55e/d55e6d1e1ff147dd8ff3cb84839666a0.jpg,"['sofa / couch', 'sold', 'beverly hills, ca']",Used (normal wear),Extremely Comfy! . Make an offer!,https://photos.offerup.com/O3mShoZsq6NgXzMfL7G16gZ6YgE=/600x450/d55e/d55e6d1e1ff147dd8ff3cb84839666a0.jpg,2019-06-11 22:41:45.007049,5.0,240.0
693596804,https://offerup.com/item/detail/693596804/,https://photos.offerup.com/sh8k5lauwqjlLFZ2ru7zHkGuhwA=/300x486/066e/066e1d27c069422ab893c0bbdf40a09e.jpg,"['couch', 'sold', 'los angeles, ca']",New (never used),Couch. Make an offer!,https://photos.offerup.com/OEPaHx4v8EL3VsoOKCRPRuoFQEo=/600x972/066e/066e1d27c069422ab893c0bbdf40a09e.jpg,2019-06-11 22:41:45.007049,5.0,30.0
693360039,https://offerup.com/item/detail/693360039/,https://photos.offerup.com/XX09PKdzbYE_AJ4E_TKNeWFPIKU=/300x168/0afb/0afbdeab7621409a87b2520fd276ec5d.jpg,"['couch', 'sold', 'monrovia, ca']",Used (normal wear),Still ok to use . Make an offer!,https://photos.offerup.com/yOBbzXVq1jNFxNuTtWWDun5Jzm4=/600x337/0afb/0afbdeab7621409a87b2520fd276ec5d.jpg,2019-06-10 22:41:45.007049,6.0,50.0
693345209,https://offerup.com/item/detail/693345209/,https://photos.offerup.com/ZyYzCKNknhntypu6Xphb_-7gbEU=/300x225/877b/877bcb49ed8b419bb00588ecb8c9796c.jpg,"['grey couch sofa', 'sold', 'west los angeles, ca']",Used (normal wear),Good condition. Bought for $250. Make an offer!,https://photos.offerup.com/0wrOAnHek1a7Pb4PVu8RQ78MMz8=/600x450/877b/877bcb49ed8b419bb00588ecb8c9796c.jpg,2019-06-10 22:41:45.007049,6.0,75.0
692108585,https://offerup.com/item/detail/692108585/,https://photos.offerup.com/T7H_ar2B45LRVAH8C51sQ1hDMgs=/300x225/1b2a/1b2a1648aa35475ba96880e4d3ae26f4.jpg,"['sleeper couch', 'sold', 'long beach, ca']",Used (normal wear),"Pulls out into a bed
One of the zippers won’t close on the cushion
Very comfy. Make an offer!",https://photos.offerup.com/s951l4FPHuXUPRQThO8s_951WoY=/600x450/1b2a/1b2a1648aa35475ba96880e4d3ae26f4.jpg,2019-06-09 22:41:45.007049,7.0,15.0
692103082,https://offerup.com/item/detail/692103082/,https://photos.offerup.com/uLCWZRO9fhc-yTcMH2uSoT2hRaE=/300x400/3c61/3c61b6d5175c4457ababaae4fcf233af.jpg,"['free couch *curb alert*', 'sold', 'south pasadena, ca']",Used (normal wear),Free Couch. Eggplant purple. Seam coming undone on top of one pillow....easily sewn.  First come first serve. Message if interested . Make an offer!,https://photos.offerup.com/V1sF0Fdf_Med4zPqTCPDZrUxMGI=/600x800/3c61/3c61b6d5175c4457ababaae4fcf233af.jpg,2019-06-09 22:41:45.007049,7.0,0.0
690932971,https://offerup.com/item/detail/690932971/,https://photos.offerup.com/QqvCCctb40EHvmlEhVtEX5fWNlg=/300x649/bf1b/bf1bb0b485654c1db966a04dabc28bfd.jpg,"['nice couch good condition', 'sold', 'norwalk, ca']",Used (normal wear),Nice couch good condition. Make an offer!,https://photos.offerup.com/RBWgKIAR6l9ZEOSD2D7wbO_QxBE=/600x1298/bf1b/bf1bb0b485654c1db966a04dabc28bfd.jpg,2019-06-09 22:41:45.007049,7.0,175.0
696634727,https://offerup.com/item/detail/696634727/,https://photos.offerup.com/P0brThboxAVw9wcc-9sFONEsMII=/300x400/cb25/cb25f982c14d47b7bf6d62d969e4c99f.jpg,"['friheten sofa bed from ikea great c...', 'sold', 'costa mesa, ca']",Used (normal wear),"Black leather couch from IKEA. Used-great condition.  Originally bought for $700. Pulls into a sleeper sofa and there is storage that lifts up underneath the cushions. Very good for a small apartment because of the storage and bed in one.  Perfect size, not too little, but not too overbearing
Had this for less then one year.

Dimensions:

 L 90 1/2   ×  W59 1/2   ×   H 26 . Make an offer!",https://photos.offerup.com/kRHYRKUqHA_Bozh7ECnbfFJyBjw=/600x800/cb25/cb25f982c14d47b7bf6d62d969e4c99f.jpg,2019-06-16 17:41:45.007049,0.20833333333333331,120.0
696443166,https://offerup.com/item/detail/696443166/,https://photos.offerup.com/n_JGM22LyK_RskwDRF9J17_cBCk=/300x225/ab07/ab073fccaad747cd9613505b0cedf6fc.jpg,"['living and dining', 'sold', 'glendale, ca']",Used (normal wear),"Living room three piece leather couch set, 2 side tables, one coffee table, 6 seat dining table. China cabinet will be given free with the purchase of the entire set. The set is in clean, very good condition. . Make an offer!",https://photos.offerup.com/48zFmGRL_N83BkHRJdazx8jbtT0=/600x450/ab07/ab073fccaad747cd9613505b0cedf6fc.jpg,2019-06-16 11:41:45.007049,0.4583333333333333,1000.0
696353409,https://offerup.com/item/detail/696353409/,https://photos.offerup.com/6FiZGKmuzpOOmq6a3nC-1qNYndY=/300x225/ddaa/ddaa5a7cd1d54deab719fc9a630675f3.jpg,"['ashley’s furniture couch', 'sold', 'costa mesa, ca']",Used (normal wear),"Couch was 1,200 only 7 months old. No rips no tears or pets. . Make an offer!",https://photos.offerup.com/0I7di44tuCt042HGe9bniWNLJH4=/600x450/ddaa/ddaa5a7cd1d54deab719fc9a630675f3.jpg,2019-06-16 01:41:45.007049,0.875,150.0
696319611,https://offerup.com/item/detail/696319611/,https://photos.offerup.com/JdW8Ht3OoRY3okpw87_4VW2KAK0=/300x533/7a23/7a231286670f4076bcb78d6923c64c7b.jpg,"['couch', 'sold', 'los angeles, ca']",Used (normal wear),"Only 2 year old couch very comfortable 

FREE. Make an offer!",https://photos.offerup.com/8mb3iOB8OQ8VXlbu0EfLx1Laros=/600x1066/7a23/7a231286670f4076bcb78d6923c64c7b.jpg,2019-06-15 23:41:45.007049,0.9583333333333333,0.0
696284860,https://offerup.com/item/detail/696284860/,https://photos.offerup.com/xkTzIQPBW0Z8raplGR_NPzDIJog=/300x225/1139/11390e73938d4c56974c1fc6606f9be4.jpg,"['couch', 'sold', 'los angeles, ca']",Used (normal wear),Couch. Make an offer!,https://photos.offerup.com/shXAIPFCHFQncGPRfC_MTGaj04o=/600x450/1139/11390e73938d4c56974c1fc6606f9be4.jpg,2019-06-15 22:41:45.007049,1.0,20.0
695961777,https://offerup.com/item/detail/695961777/,https://photos.offerup.com/7iEG76i_jTJn_wReSlDk0ubgv2k=/300x225/1b1b/1b1b2f76ae1f40fba15200de0f435003.jpg,"['free couches', 'sold', 'redondo beach, ca']",Used (normal wear),"Free couches. First come first serve. Come pick up . On the curb at 407 Avenue G, Redondo Beach 90277. Make an offer!",https://photos.offerup.com/7Wp1OCNPiyG3dkr0DPTagahu6us=/600x450/1b1b/1b1b2f76ae1f40fba15200de0f435003.jpg,2019-06-15 22:41:45.007049,1.0,0.0
695758659,https://offerup.com/item/detail/695758659/,https://photos.offerup.com/hM_bR6vQGZP6P_WRsd7bB0mKkZo=/300x400/4ba2/4ba28e9f5e15489787ffdd4f0c4ffff6.jpg,"['couch table', 'sold', 'los angeles, ca']",Used (normal wear),Couch table. Make an offer!,https://photos.offerup.com/AUnd3CUn4zNAwJBGqpt-L_GvMWA=/600x800/4ba2/4ba28e9f5e15489787ffdd4f0c4ffff6.jpg,2019-06-15 22:41:45.007049,1.0,70.0
695579331,https://offerup.com/item/detail/695579331/,https://photos.offerup.com/YM8QysPotUd6_Aia9xRlZOpxzV8=/300x225/d264/d2647bb6c3de427195fd28a25b044ef7.jpg,"['couch', 'sold', 'fullerton, ca']",Used (normal wear),Good as new. $150 ( OBO). Make an offer!,https://photos.offerup.com/C1b6obMwj4cnsdiKuJ1o2GtQzgo=/600x450/d264/d2647bb6c3de427195fd28a25b044ef7.jpg,2019-06-14 22:41:45.007049,2.0,100.0
694569634,https://offerup.com/item/detail/694569634/,https://photos.offerup.com/3amCA1G0V58KB45BH9zlent2CTY=/300x225/fded/fdedad6f994e4d59a402c990e21ec36f.jpg,"['ikea ektorp couch / sofa bed', 'sold', 'east los angeles, ca']",Used (normal wear),"Used. 
Sits 3-4. 
Sleeps two. 
Must pick up. 
$20 OBO. Make an offer!",https://photos.offerup.com/biFqkxtL9lCq1oEMAjNdr6L64m8=/600x450/fded/fdedad6f994e4d59a402c990e21ec36f.jpg,2019-06-12 22:41:45.007049,4.0,20.0
693961818,https://offerup.com/item/detail/693961818/,https://photos.offerup.com/ep7f2ruzCmUANBXUZTV9mhuiXqE=/300x225/c365/c3652837386d4f9ea946efb83f7fdbab.jpg,"['$900 leather couches being sold for...', '$75.00', 'garden grove, ca']",Used (normal wear),"Leather couches originally bought from Costco for $900 each. They're only just over 6 years old, not really used until the last 2 years. Must go soon! $75 each or best offer. Pickup only. . Make an offer!",https://photos.offerup.com/0B3D9t7AHOa5LumY07w6dXWr64Q=/600x450/c365/c3652837386d4f9ea946efb83f7fdbab.jpg,2019-06-11 22:41:45.007049,5.0,75.0
693645083,https://offerup.com/item/detail/693645083/,https://photos.offerup.com/kGCtn-qNs3RZkC9UAawNltaXEeY=/300x225/645b/645b22aa201b4f6da8abafc2a72dc596.jpg,"['futon couch', 'sold', 'west covina, ca']",Used (normal wear),Daybed couch futon. Make an offer!,https://photos.offerup.com/CCh_kMQbhAAMd_-1gLPpIFE9S8M=/600x450/645b/645b22aa201b4f6da8abafc2a72dc596.jpg,2019-06-11 22:41:45.007049,5.0,150.0
693275767,https://offerup.com/item/detail/693275767/,https://photos.offerup.com/gbnnkjLcvJzFlaBzMSxx6Qgzn7g=/300x186/ae67/ae67650339e74288a479fa8dd95e6982.jpg,"['couch for sale must pick up!', 'sold', 'fullerton, ca']",Used (normal wear),Couch for sale. Located in apartment and we can help move it to the street. Must pick up! Has to go quickly! . Make an offer!,https://photos.offerup.com/0_Y9r2r_J8RLrj270ZZspdiKr54=/600x372/ae67/ae67650339e74288a479fa8dd95e6982.jpg,2019-06-10 22:41:45.007049,6.0,40.0
692605841,https://offerup.com/item/detail/692605841/,https://photos.offerup.com/zn878g_bpnBj2bfOZlxoTWevZjY=/300x400/2ad9/2ad9b0c31f1e4c43a9a5c42ae0c80a9c.jpg,"['red sofa bed / couch', 'sold', 'long beach, ca']",Used (normal wear),80’ L x 34’ H x 36’ W. Make an offer!,https://photos.offerup.com/a9fcQneK3wUSC2I_wPHrdApVef8=/600x800/2ad9/2ad9b0c31f1e4c43a9a5c42ae0c80a9c.jpg,2019-06-09 22:41:45.007049,7.0,100.0
692078502,https://offerup.com/item/detail/692078502/,https://photos.offerup.com/ZODj2h8mphnGiJ_Bi9VXdi5ekPU=/300x225/3caa/3caa882738704ea783287ce8c8d5aa18.jpg,"['purple velvet couch!', 'sold', 'los angeles, ca']",Used (normal wear),"Like new purple velvet mid-century modern contemporary kidney bean shaped couch with chrome legs. 

7' long x 30"" tall x 37"" deep on the outside, 22"" deep on the inside middle seat.

$100 Or Best Offer. Make an offer!",https://photos.offerup.com/OT8-GYQrng5kRhsrBNkTwISHvfs=/600x450/3caa/3caa882738704ea783287ce8c8d5aa18.jpg,2019-06-09 22:41:45.007049,7.0,100.0
696408468,https://offerup.com/item/detail/696408468/,https://photos.offerup.com/PVN0dN-AEarVZZybJlm5suCY8Gc=/300x400/4f24/4f24584f7c734d70b17e36ec53245560.jpg,"['couch good conditions', 'sold', 'costa mesa, ca']",Used (normal wear),Good conditions. serious buyers . Make an offer!,https://photos.offerup.com/jc9FWUQerw6TbUveEE72lGYnTbk=/600x800/4f24/4f24584f7c734d70b17e36ec53245560.jpg,2019-06-16 09:41:45.007049,0.5416666666666666,50.0
696157945,https://offerup.com/item/detail/696157945/,https://photos.offerup.com/z62Bd2CpC4mW3NQhWTNlpN7Ana8=/300x150/83a7/83a757a8e67e4071be6fd1986b667cae.jpg,"['ikea friheten sleeper sectional 3 s...', 'sold', 'seal beach, ca']",Used (normal wear),"I love this couch, but we are moving. We are selling the Ikea Friheten Sofabed (charcoal). It is both a pull out bed and extra storage space. It is in great condition. I have attached the link here so you can see the dimensions on the Ikea website:

{url removed}#/S69216757

Currently, these sofas are selling for $599 retail.

I am asking for $300. It is fully built, but you can separate it into two or three parts to make transportation easier. 

. Make an offer!",https://photos.offerup.com/TcR1_L5TMc0pb70mFRr9X6bFRpQ=/600x301/83a7/83a757a8e67e4071be6fd1986b667cae.jpg,2019-06-15 22:41:45.007049,1.0,300.0
696105888,https://offerup.com/item/detail/696105888/,https://photos.offerup.com/pojblOq0aKKPMycmfm0-CYJfau0=/300x432/9cf1/9cf1be671017417787350bf4f85d78d5.jpg,"['hd buttercup couch and chair!', 'sold', 'los angeles, ca']",Used (normal wear),"Gray couch with white lining. Like new. Purchased for $1200+ 
Matching chair purchased for $400+. Make an offer!",https://photos.offerup.com/FN81-JKTYzlyy_3h-FIM3nQn4rw=/600x864/9cf1/9cf1be671017417787350bf4f85d78d5.jpg,2019-06-15 22:41:45.007049,1.0,300.0
695720086,https://offerup.com/item/detail/695720086/,https://photos.offerup.com/hzp_bH9Jg_hzwsJtZwGtTce3eK0=/300x225/03cf/03cf5372b5a34688be0d600f708f36af.jpg,"['couch and love seat set', 'sold', 'irvine, ca']",Used (normal wear),"Both love seat and couch are reclining. 
Used up well but still great conditions . Make an offer!",https://photos.offerup.com/crkYs5r1-NHPg3ffodraTX7G3Q0=/600x450/03cf/03cf5372b5a34688be0d600f708f36af.jpg,2019-06-15 22:41:45.007049,1.0,150.0
695666649,https://offerup.com/item/detail/695666649/,https://photos.offerup.com/6p2bf4b9dZ_TxwqrT26pcO_1clg=/300x279/c2dc/c2dca8f1e3574c8f9da16e9b218ca861.jpg,"['high quality, comfortable couch / f...', 'sold', 'long beach, ca']",Used (normal wear),"This is a very versatile, high quality piece that is super comfortable to sit on as a couch or lay down as a bed.  The back panel has three height adjustments: it folds down completely so you can sleep two comfortably, it lifts about 30-40deg angle so you can lounge around, or it lifts a bit higher at a comfortable sitting height for tv watching . The two sides of the seating area actually lifts up in two settings as well! So you can have a perfect height for armrest or a perfect pillow

We originally purchased for $500. A craigslist posting is selling for $450: {url removed} And eBay is selling for $300: {url removed}

some additional information:
The sophisticated split back sofa bed convertible will enrich any living environment. Sink into the extreme comfort provided by padded pillow top surfaces to sit, sleep, relax or recline. This incredible sofa bed convertible offers comfort, quality and style in all areas. Its durable steel base and legs in combination with high performance easy to clean leather will be the highlight of your space. This piece offers the versatility of a split back lounger, sofa or bed. 

Pick up in downtown Long Beach at 300 Long Beach Blvd. Cash only.. Make an offer!",https://photos.offerup.com/FLshCOxuZv392bEVyWr4r5GXiX4=/600x559/c2dc/c2dca8f1e3574c8f9da16e9b218ca861.jpg,2019-06-14 22:41:45.007049,2.0,200.0
695341304,https://offerup.com/item/detail/695341304/,https://photos.offerup.com/NY3MEc5iM76JNXGBhXgwYGKBHkQ=/300x400/4f36/4f36f6c30a594a178db96639c2b59d29.jpg,"['recliner couch /sofas', 'sold', 'westlake village, ca']",Used (normal wear),Like new. Make an offer!,https://photos.offerup.com/WPqJMPRRchzBUnwRzqIlXbc62pU=/600x800/4f36/4f36f6c30a594a178db96639c2b59d29.jpg,2019-06-14 22:41:45.007049,2.0,220.0
695120207,https://offerup.com/item/detail/695120207/,https://photos.offerup.com/yYG_z1szTMuxy_oEpk7zRy0G7vM=/300x225/cff0/cff0754c796047e7af5aa1ceb5f4c2eb.jpg,"['couch', 'sold', 'fountain valley, ca']",Used (normal wear),"Excellent condition 
Smoke free pet free 
Price to sell asap . Make an offer!",https://photos.offerup.com/k9HmUXI9iRdLHN8IvB49FYfYNxk=/600x450/cff0/cff0754c796047e7af5aa1ceb5f4c2eb.jpg,2019-06-13 22:41:45.007049,3.0,20.0
695115870,https://offerup.com/item/detail/695115870/,https://photos.offerup.com/Wx-EeatrtUCqH4vZWkyA4KWDBho=/300x500/91a1/91a1da30aedb4f919bb922b61548db00.jpg,"['couch', 'sold', 'fullerton, ca']",Used (normal wear),Leather Couch / Great Condition / Very Comfortable . Make an offer!,https://photos.offerup.com/pH3MiXJ7vKO8z7-X-1pbsatY6p8=/600x1001/91a1/91a1da30aedb4f919bb922b61548db00.jpg,2019-06-13 22:41:45.007049,3.0,50.0
694956857,https://offerup.com/item/detail/694956857/,https://photos.offerup.com/jm-603OyYobPt8iGJ4au7xhY8aI=/300x225/0681/06812b7946254bd6a99c1211711672b0.jpg,"['couch and loveseat', 'sold', 'glendale, ca']",Used (normal wear),"Moving SALE! 
 
Had them for 6 month. 
In a perfect condition. 
Navy blue. 


. Make an offer!",https://photos.offerup.com/zTCFTDvM-J3Qj-TLfyB2EsnaSjY=/600x450/0681/06812b7946254bd6a99c1211711672b0.jpg,2019-06-13 22:41:45.007049,3.0,250.0
694418925,https://offerup.com/item/detail/694418925/,https://photos.offerup.com/EklUhJo7a7FgxgcbHzPTjmMAV0I=/300x225/8e98/8e98ecdbab1f4bee9ef651aaa25078e5.jpg,"['‼️couch set with two chairs ‼️', 'sold', 'huntington park, ca']",Used (normal wear),"‼️Couch set with ‼️2 Chairs and 4 pillows ‼️
‼️in good condition ‼️just need a little cleaning nothing major ‼️Sold As is‼️Or give me a reasonable offer‼️Need them gone‼️. Make an offer!",https://photos.offerup.com/JPzqQNJjv8KIaxMeJPvZ6aB_YZM=/600x450/8e98/8e98ecdbab1f4bee9ef651aaa25078e5.jpg,2019-06-12 22:41:45.007049,4.0,150.0
694012130,https://offerup.com/item/detail/694012130/,https://photos.offerup.com/znifUcmKDvyC1VD2jkfl-qc8zAQ=/300x315/d42e/d42e0f8ee412424a9235954839bf62e0.jpg,"['couch for sale', 'sold', 'newhall, ca']",Used (normal wear),"Need it gone ASAP!!!
Negotiable 
Very comfy and spacious. . Make an offer!",https://photos.offerup.com/PqAVnrbpzHzuXhVL5axse0w6T_4=/600x630/d42e/d42e0f8ee412424a9235954839bf62e0.jpg,2019-06-11 22:41:45.007049,5.0,200.0
693924486,https://offerup.com/item/detail/693924486/,https://photos.offerup.com/q1uuZa7czIS9N8knxI8wsVjrkgQ=/300x225/6140/61408ef2125a44258a8d8b3aaba79921.jpg,"['ashley couch used only for 1.5 year...', 'sold', 'montebello, ca']",Used (normal wear),Ashley Couch used only for 1.5 years . Good condition. No tearing. No pets. Neat and clean. Make an offer!,https://photos.offerup.com/h0AK8-pIFv5WKX1SVlqIxuNDDw8=/600x450/6140/61408ef2125a44258a8d8b3aaba79921.jpg,2019-06-11 22:41:45.007049,5.0,120.0
693493252,https://offerup.com/item/detail/693493252/,https://photos.offerup.com/XKY_aiFYdVwysZ4LXagRcI8CUOM=/300x225/4c44/4c44b2a1212b4b958799872b72c86091.jpg,"['blue couches', 'sold', 'pico rivera, ca']",Used (normal wear),Great condition 5 months old . Make an offer!,https://photos.offerup.com/C44BXPmHjRqJauTuHTFyhn-DNmg=/600x450/4c44/4c44b2a1212b4b958799872b72c86091.jpg,2019-06-11 22:41:45.007049,5.0,210.0
693440762,https://offerup.com/item/detail/693440762/,https://photos.offerup.com/-8vwZ9gZ9bNgsG-X1Ml_wrmRO-0=/300x225/87f9/87f9f8cb7a194ba3a840884cc767f1c5.jpg,"['comfortable couch for sale!', 'sold', 'long beach, ca']",Used (normal wear),"Comfortable couch for sale.  Moving out of my apartment and don’t have room for it at my new place. 

$60 Or best offer

85” Long
35” Wide
30” High

The couch is in good condition and comes as is in the photo.

I recommend bringing help with you to move it, as I live on the 3rd floor of my apartment complex with narrow stairwells. I also recommend bringing a truck or a large SUV with the seats taken out in order to transport it.
. Make an offer!",https://photos.offerup.com/Fe0ig7FQ1xA_FJtJCTJ2EbQxmKk=/600x450/87f9/87f9f8cb7a194ba3a840884cc767f1c5.jpg,2019-06-10 22:41:45.007049,6.0,60.0
692671281,https://offerup.com/item/detail/692671281/,https://photos.offerup.com/t4b7dm0g2wYRLQVFoOL-hMigyVs=/300x201/3d4c/3d4ca98a1dde4c6a90693049be0f8f4d.jpg,"['love seat', 'sold', 'downey, ca']",Used (normal wear),"Love seat in good condition. 
Couch in home with no smoking and no pets. 
Must be picked up. Make an offer!",https://photos.offerup.com/eI3Yct-XmPBk4Cp5Y5PK5jbDKgY=/600x402/3d4c/3d4ca98a1dde4c6a90693049be0f8f4d.jpg,2019-06-10 22:41:45.007049,6.0,150.0
692501627,https://offerup.com/item/detail/692501627/,https://photos.offerup.com/PZF2xgfjorCntmYVVuiQ-pLa23Q=/300x225/e819/e81945ca35544d00986b244660472cce.jpg,"['sleeper couch', 'sold', 'whittier, ca']",Used (normal wear),Good condition. Needs to be cleaned. Originally bought from Nordstrom . Make an offer!,https://photos.offerup.com/unIJtd5Fc9J-G1q3t7oy7S6JxDU=/600x450/e819/e81945ca35544d00986b244660472cce.jpg,2019-06-09 22:41:45.007049,7.0,20.0
696349196,https://offerup.com/item/detail/696349196/,https://photos.offerup.com/X8T7emODB1q1Xoc-v9ezusHH1L0=/300x168/1928/1928cdf3fd6a4d23ade3cb70f99a15cf.jpg,"['brown couch', 'sold', 'long beach, ca']",Used (normal wear),Has a couple stains other than that it’s good. . Make an offer!,https://photos.offerup.com/JJW0C17yVNPTlH69RneVXCZwIVg=/600x337/1928/1928cdf3fd6a4d23ade3cb70f99a15cf.jpg,2019-06-16 01:41:45.007049,0.875,50.0
696320441,https://offerup.com/item/detail/696320441/,https://photos.offerup.com/bnLA-nBO2j6nu201t6EM3155zO4=/300x400/c860/c860e72d486445998a4f2bc0015344cb.jpg,"['couch and love seat', 'sold', 'irwindale, ca']",Used (normal wear),"Cleaned and ready for their next home!! Very comfortable couch (3 cushions) and love seat (2 cushions) gray !! 
Make offer. Make an offer!",https://photos.offerup.com/uCp02vI6SsAGIr1uP97Mi_Lee1Q=/600x800/c860/c860e72d486445998a4f2bc0015344cb.jpg,2019-06-15 23:41:45.007049,0.9583333333333333,100.0
696219878,https://offerup.com/item/detail/696219878/,https://photos.offerup.com/qVS86bOJa7FQBrfAYxuKvc3HNOI=/300x225/3bd0/3bd009ff0d7942bb82d5cd67f20ddf7d.jpg,"['comfy like-new couch for sale!', 'sold', 'los angeles, ca']",Used (normal wear),"Full size couch for sale, comes with pillows shown in picture. Great condition. 

8ft x 3ft. Make an offer!",https://photos.offerup.com/jnMFOqiiHmP-JpMBJAxPNO8y6Qk=/600x450/3bd0/3bd009ff0d7942bb82d5cd67f20ddf7d.jpg,2019-06-15 22:41:45.007049,1.0,250.0
695931215,https://offerup.com/item/detail/695931215/,https://photos.offerup.com/n2iwdPWnVGpbaXP8y0dCxWvI6R0=/300x225/95be/95be7eb833a34b799cb7acb901f3bfe6.jpg,"['free ~ mid wilshire area', 'sold', 'west hollywood, ca']",Used (normal wear),Free couch mid Wilshire area . Make an offer!,https://photos.offerup.com/LvC4p2jLEkPyXPriKbJnASuvrxI=/600x450/95be/95be7eb833a34b799cb7acb901f3bfe6.jpg,2019-06-15 22:41:45.007049,1.0,0.0
695925631,https://offerup.com/item/detail/695925631/,https://photos.offerup.com/GcB3C2B2DYqaSi0_4Bv_76k4VZM=/300x400/cdf3/cdf3d47d5e0b4675a060ced1630fde16.jpg,"['navy sectional couch', 'sold', 'newport beach, ca']",Used (normal wear),"Large, two-piece, navy sectional couch. Wood feet. Super comfortable and cozy. Moving and can’t take with me. 

Sun bleached the back side slightly but can’t see when against the wall. Purchased new for $1200. Matching ottoman included. 

Asking $200 OBO because of wear. Must pick up . Make an offer!",https://photos.offerup.com/_SedMzY1J_B_z_TwTHVRbvfa9hE=/600x800/cdf3/cdf3d47d5e0b4675a060ced1630fde16.jpg,2019-06-15 22:41:45.007049,1.0,200.0
695758599,https://offerup.com/item/detail/695758599/,https://photos.offerup.com/LvU-c61aOJ2RpZ9dUS0iBpkbIkU=/300x400/bd5e/bd5e863102474326a72187583383af51.jpg,"['couch table', 'sold', 'los angeles, ca']",Used (normal wear),Couch table. Make an offer!,https://photos.offerup.com/_hOaKyxOu34x3wS94Z3D2zPRFUk=/600x800/bd5e/bd5e863102474326a72187583383af51.jpg,2019-06-15 22:41:45.007049,1.0,70.0
695744630,https://offerup.com/item/detail/695744630/,https://photos.offerup.com/CDqQwjCqugeNJIG_if8a5hMuEGw=/300x300/b1a6/b1a67f4eb3ff4063ae183dd558fa5776.jpg,"['faux leather futon bed', 'sold', 'glendale, ca']",Used (normal wear),"Modern tufted vanilla white convertible couch with chrome legs quickly converts into a bed. it easily adjusts from sitting to lounging to sleeping with the “click clack” technology. It also has a split back feature. The faux leather is easy to wipe clean. 

Normal wear and tear. It has nicks and some peeling (see last photos). It is already disassembled for easy transport.

Folded: 32” H x 71” W x 34” D
Bed: 16” H x 71” W x 49” D
Seat: 16” H x 23” D

Pick up in Glendale. No deliveries. No holds. Cash, Zelle or Venmo. Will need proper sized vehicle to transport. Cross posted.. Make an offer!",https://photos.offerup.com/fL-IDt9Sd2VQMiP9DYqLYNEsExY=/500x500/b1a6/b1a67f4eb3ff4063ae183dd558fa5776.jpg,2019-06-15 22:41:45.007049,1.0,60.0
695294617,https://offerup.com/item/detail/695294617/,https://photos.offerup.com/pQDuuhoy1syP2MOo1IqU0stVabI=/300x400/6153/615308846bc2475aa7cf8404fbdd21dd.jpg,"['1970s loveseat sleeper couch', 'sold', 'los angeles, ca']",Used (normal wear),"This sleeper couch has been in my family since the 1970s. It’s in good shape and sturdy as a tank (and heavy as hell). The pullout is a twin. My guests tell me it’s pretty comfortable!

I can’t move this, so you must pick up. You’ll need at least 2 burly people to move this guy. I live on a second floor apartment in Echo Park.

But it’s a great little couch.

54” across x 34” deep x 32” tall. Make an offer!",https://photos.offerup.com/2I32k_tImeTFD26ilVtRe3aaxmw=/600x800/6153/615308846bc2475aa7cf8404fbdd21dd.jpg,2019-06-14 22:41:45.007049,2.0,50.0
694941080,https://offerup.com/item/detail/694941080/,https://photos.offerup.com/k_tPXUACm64Mf99C_0XYNO9oxNY=/300x225/89ba/89baab1bf6a3403fa310ec2388bff431.jpg,"['couch', 'sold', 'anaheim, ca']",Used (normal wear),Must pick up. Make an offer!,https://photos.offerup.com/e3vHCKnUedyYRngov-a5uOQaPZM=/600x450/89ba/89baab1bf6a3403fa310ec2388bff431.jpg,2019-06-13 22:41:45.007049,3.0,0.0
694339630,https://offerup.com/item/detail/694339630/,https://photos.offerup.com/7mSg9UYnP2E_LYCjCMlY-_kMYMk=/300x225/414f/414f22a3e3724a03b4b90f57ad5a6d71.jpg,"['couch and rug', 'sold', 'lakewood, ca']",Used (normal wear),"The couch is a medium grey and soft fabric. We have had it for 3.5 years and have treated it well. There are no stains, just normal wear.  $200 

The rug is white, grey, and turquoise. It’s a beautiful and large rug (contact me for exact dimensions). I can clean it for you for $100 fee or you can take it as is. The last cleaning was 6 months ago and there are NO solid stains. $75. Make an offer!",https://photos.offerup.com/xrVbZgFVRkjsTHu0OB1PbcOCYgM=/600x450/414f/414f22a3e3724a03b4b90f57ad5a6d71.jpg,2019-06-12 22:41:45.007049,4.0,200.0
694318678,https://offerup.com/item/detail/694318678/,https://photos.offerup.com/ez6wZCBFeHYXbhwiKn5RWyfCKnA=/300x225/fed7/fed7409ffef14f4b9502d8b1f174edd8.jpg,"['dark caribbean blue sofa', 'sold', 'pasadena, ca']",Used (normal wear),"Used sofa in good condition
Caribbean blue fabric covering
4-5 years of light use
Approximately 10 feet long, seats 3-4 comfortably. Transportable in two pieces.
Roommate (couch owner) moved out and couldn’t bring it with her- now up for sale!
I don’t have a truck so I’ll need you to pick it up!. Make an offer!",https://photos.offerup.com/wILrPgYODjFWnhpvCGoNhzyaJ0M=/600x450/fed7/fed7409ffef14f4b9502d8b1f174edd8.jpg,2019-06-12 22:41:45.007049,4.0,60.0
694078913,https://offerup.com/item/detail/694078913/,https://photos.offerup.com/bsDAm0vorz6TsFwQuua02M9673s=/300x400/69f4/69f496e508b64abba070dc266f30f8ce.jpg,"['brown leather single couch', 'sold', 'simi valley, ca']",Used (normal wear),"Used it dark brown, it looks lighter due to flash. Is in pretty good shape.
It reclines
Very comfortable sofa. Make an offer!",https://photos.offerup.com/XfwStjUC_7LKSO4wGIKBmmTKsI4=/600x800/69f4/69f496e508b64abba070dc266f30f8ce.jpg,2019-06-12 22:41:45.007049,4.0,250.0
693809760,https://offerup.com/item/detail/693809760/,https://photos.offerup.com/gx8GZoEWpHgvwFmu4I_J8lK0ci4=/300x400/f771/f771afbf72c04cc18cc604c704315724.jpg,"['large 4-piece sectional couch sofa', 'sold', 'long beach, ca']",Used (normal wear),"Good condition couch, comes apart into 4-pieces for easy moving

$120 OBO . Make an offer!",https://photos.offerup.com/xzuaKzIw1S1dmCQIOmzRNblx464=/600x800/f771/f771afbf72c04cc18cc604c704315724.jpg,2019-06-11 22:41:45.007049,5.0,120.0
693361576,https://offerup.com/item/detail/693361576/,https://photos.offerup.com/j8pQv-9PuluOj8B4B0OX95Lof5Q=/300x533/d654/d654afd0c839419c96be60116dbe0c89.jpg,"['futon couch & bed 45$ takes it used...', 'sold', 'los angeles, ca']",Used (normal wear),45$ pick up only Reseda area.  Quick sale. Make an offer!,https://photos.offerup.com/1Z70GxxdYrq-EV2-O2BTos5A04s=/600x1066/d654/d654afd0c839419c96be60116dbe0c89.jpg,2019-06-10 22:41:45.007049,6.0,45.0
693335977,https://offerup.com/item/detail/693335977/,https://photos.offerup.com/3bgxEYwUOUfzhZWgnchxPgWa68Q=/300x225/fdb8/fdb83ecc01c54df7ac19c9b800a41919.jpg,"['comfy taupe couch and armchair w/ o...', 'sold', 'west los angeles, ca']",Used (normal wear),"Very comfortable and clean couch, armchair, and ottoman. Coffee table shown in picture is also for sale. 

Couch is 8 feet long and 40” deep
Chair is 52” wide and 40” deep

Pick-up only and must bring 2 people to move items (I cannot lift). Make an offer!",https://photos.offerup.com/SZp45O04XoBi9y7nVSpty9J6UxM=/600x450/fdb8/fdb83ecc01c54df7ac19c9b800a41919.jpg,2019-06-10 22:41:45.007049,6.0,150.0
692588154,https://offerup.com/item/detail/692588154/,https://photos.offerup.com/YvvLGtixOPWZyjxBNpjkf9xMfBE=/300x400/e1ee/e1ee515a3e374fe19171692d29bd0f82.jpg,"['sofa or couch', 'sold', 'covina, ca']",Used (normal wear),Used but in good condition . Make an offer!,https://photos.offerup.com/d3aUcFpU26an8yjDGJgzIdG8xss=/600x800/e1ee/e1ee515a3e374fe19171692d29bd0f82.jpg,2019-06-09 22:41:45.007049,7.0,125.0
691995395,https://offerup.com/item/detail/691995395/,https://photos.offerup.com/2fg2YjkAz719xDWJ5ysvMeCm-3A=/300x225/1ff9/1ff94878f8b34479ab101ca4449c433d.jpg,"['couch', 'sold', 'montebello, ca']",Used (normal wear),Couches kept in a decorative living room hardly used. . Make an offer!,https://photos.offerup.com/TLsJx2FzbERMXzmsfNmky3Bj2Gc=/600x450/1ff9/1ff94878f8b34479ab101ca4449c433d.jpg,2019-06-09 22:41:45.007049,7.0,300.0
691989907,https://offerup.com/item/detail/691989907/,https://photos.offerup.com/t_XuXfFDdjU3OWIVCP-b0VvIzzA=/300x225/4ad4/4ad4105a22924df781fd7ecbb40eeafc.jpg,"['couch', 'sold', 'irwindale, ca']",Used (normal wear),"MUST BE PICKED UP!
Good condition couch! No holes or tears.
Would suggest washing and vacuuming since it’s been several years.
We do have dogs so there is hair which can be taken care of with wash/vacuum.
Looking to downsize our couch ASAP.
NO DELIVERY INCLUDED, MUST BE PICKED UP.. Make an offer!",https://photos.offerup.com/5Yo3g0hz0FnpV4lhKjQ408rSq_s=/600x450/4ad4/4ad4105a22924df781fd7ecbb40eeafc.jpg,2019-06-09 22:41:45.007049,7.0,0.0
691747111,https://offerup.com/item/detail/691747111/,https://photos.offerup.com/Bc0TG0DjKmh6snABO7H4I9ExhA0=/300x225/566c/566c55542e8c4bea8f5be3d367b173e1.jpg,"['brown leather sectional (couch)', 'sold', 'los angeles, ca']",Used (normal wear),"Brown leather sectional like new, PICK UO ONLY! 
Moving out my apt so it must go! Ottoman included. . Make an offer!",https://photos.offerup.com/P8iqxZ3S6cUVyqcIG6LjsDpOUg0=/600x450/566c/566c55542e8c4bea8f5be3d367b173e1.jpg,2019-06-09 22:41:45.007049,7.0,250.0
